{"cameraMode":{"drawMode":0,"name":"Shaded","section":"Shading Mode"},"sceneLighting":true,"audioPlay":false,"sceneViewState":{"showFog":true,"showMaterialUpdate":false,"showSkybox":true,"showFlares":true,"showImageEffects":true,"showParticleSystems":true},"in2DMode":false,"pivot":{"x":-0.37062859535217287,"y":1.8348079919815064,"z":-0.29372382164001467},"rotation":{"x":-0.03429214656352997,"y":0.1706543117761612,"z":-0.005942747928202152,"w":-0.9847238063812256},"size":2.841658592224121,"orthographic":false}