{"cameraMode":{"drawMode":0,"name":"Shaded","section":"Shading Mode"},"sceneLighting":true,"audioPlay":false,"sceneViewState":{"showFog":true,"showMaterialUpdate":false,"showSkybox":true,"showFlares":true,"showImageEffects":true,"showParticleSystems":true},"in2DMode":false,"pivot":{"x":883.55615234375,"y":1646.552001953125,"z":31.773632049560548},"rotation":{"x":-0.10649756342172623,"y":0.04532421752810478,"z":-0.004856279119849205,"w":-0.9932874441146851},"size":1328.1297607421875,"orthographic":false}