{"cameraMode":{"drawMode":0,"name":"Shaded","section":"Shading Mode"},"sceneLighting":true,"audioPlay":false,"sceneViewState":{"showFog":true,"showMaterialUpdate":false,"showSkybox":true,"showFlares":true,"showImageEffects":true,"showParticleSystems":true},"in2DMode":false,"pivot":{"x":1055.33203125,"y":691.7537841796875,"z":-52.3118896484375},"rotation":{"x":-0.11547541618347168,"y":0.03634636849164963,"z":-0.0042249541729688648,"w":-0.9926565289497376},"size":1630.5096435546875,"orthographic":false}